accreditation_code,station_name,state,postcode,installed_capacity_mw,fuel_source,accreditation_start_date,approval_date,search_name,search_query,latitude,longitude,geocoded_address,geocoded_place_name
SRPXQLO8,DONS FORT - SOLAR W SGU - QLD,QLD,4660.0,0.421,Solar,2025-10-21,2026-01-06,DONS FORT,"DONS FORT, QLD, Australia",-27.412197,153.1507987,"160 South St, Lytton QLD 4178",Fort Lytton National Park
SRPYNSK0,MINTUS COLES - SOLAR W SGU- NSW,NSW,2153.0,0.19,Solar,2025-12-09,2026-01-06,MINTUS COLES,"MINTUS COLES, NSW, Australia",-33.8127291,151.0050207,"Suite 506/55 Phillip St, Parramatta NSW 2150",Mintus
SRPXQLP1,VENTORA - ACACIA RIDGE - SOLAR - QLD,QLD,4110.0,0.162,Solar,2025-11-17,2026-01-06,VENTORA - ACACIA RIDGE,"VENTORA - ACACIA RIDGE, QLD, Australia",-27.7494814,153.2492877,"119 Burnside Rd, Stapylton QLD 4207",VENTORA Glass
SRPYNSK3,BAYSIDE AGED CARE - SOLAR - MORISSET - NSW,NSW,2264.0,0.14,Solar,2025-12-16,2026-01-08,BAYSIDE AGED CARE,"BAYSIDE AGED CARE, NSW, Australia",-33.1055405,151.505934,"136 Marconi Rd, Bonnells Bay NSW 2264","Bolton Clarke Bayside, Bonnells Bay - Residential Aged Care"
SRPVWAQ0,MATRIX COMPOSITES AND ENGINEERING PTY LTD - SOLAR - WA,WA,6166.0,0.85,Solar,2025-12-17,2026-01-08,MATRIX COMPOSITES AND ENGINEERING PTY LTD,"MATRIX COMPOSITES AND ENGINEERING PTY LTD, WA, Australia",-32.1594685,115.7732207,"150 Quill Wy, Henderson WA 6166",Matrix Composites & Engineering
SRPXQLP4,ACCENSI NARANGBA - SOLAR - QLD,QLD,4504.0,0.199,Solar,2025-11-24,2026-01-09,ACCENSI NARANGBA,"ACCENSI NARANGBA, QLD, Australia",-27.1974991,153.0022531,"60-76 Potassium St, Narangba QLD 4504",Accensi
SRPXSA19,BUNGE PORT GILES - SOLAR - SA,SA,5583.0,0.47800000000000004,Solar,2025-12-11,2026-01-16,BUNGE PORT GILES,"BUNGE PORT GILES, SA, Australia",-35.0232825,137.7609995,"483 Hickeys Dr, Coobowie SA 5583",Viterra Port Giles
SRPVWAP2,HBF STADIUM CARPARK 4 PV SYSTEM - SOLAR W SGU - WA,WA,6010.0,0.259,Solar,2025-09-10,2026-01-16,HBF STADIUM CARPARK 4 PV SYSTEM,"HBF STADIUM CARPARK 4 PV SYSTEM, WA, Australia",-31.9523371,115.7840609,"100 Stephenson Ave, Mount Claremont WA 6010",Perth HPC Car Park 4
SRPYNSJ2,STOCKLAND M-PARK BUILDING C - SOLAR - NSW,NSW,2113.0,0.125,Solar,2025-11-06,2026-01-16,STOCKLAND M-PARK BUILDING C,"STOCKLAND M-PARK BUILDING C, NSW, Australia",-33.7801061,151.1254734,"11-17 Khartoum Rd, Macquarie Park NSW 2113",MPark - Stockland
SRPXVCU9,WAVERLEY GARDENS - SOLAR W SGU - VIC,VIC,3170.0,0.521,Solar,2025-10-03,2026-01-20,WAVERLEY GARDENS,"WAVERLEY GARDENS, VIC, Australia",-37.9361331,145.1891438,"271 Police Rd, Mulgrave VIC 3170",Waverley Gardens Shopping Centre
SRPXQLP3,THE BARRACKS - SOLAR W SGU - QLD,QLD,4000.0,0.302,Solar,2025-11-21,2026-01-21,THE BARRACKS,"THE BARRACKS, QLD, Australia",-27.465398999999998,153.013135,"61 Petrie Terrace, Brisbane City QLD 4000",The Barracks Shopping Centre
SRPXVCW5,ALTONA STAGE 1 & BESS - SOLAR - VIC,VIC,3018.0,1.179,Solar,2025-12-12,2026-01-22,ALTONA STAGE 1 & BESS,"ALTONA STAGE 1 & BESS, VIC, Australia",-37.863721,144.830519,"115 Civic Parade, Altona VIC 3018",Altona City Theatre
SRPYNSJ3,TABBITA-SOLAR-NSW,NSW,2652.0,7.157,Solar,2025-11-07,2026-01-22,TABBITA,"TABBITA, NSW, Australia",-34.10378,145.8457123,Tabbita NSW 2652,Tabbita
SRPXQLO3,CLV GUV VILLAGE - SOLAR W SGU - QLD,QLD,4215.0,0.248,Solar,2025-09-16,2026-01-23,CLV GUV VILLAGE,"CLV GUV VILLAGE, QLD, Australia",-27.9554491,153.38124249999998,"1/8 Tonga Pl, Parkwood QLD 4214",University Village
SRPYNSI3,BAULKHAM HILLS - SOLAR W SGU - NSW,NSW,2153.0,0.228,Solar,2025-10-16,2026-01-27,BAULKHAM HILLS,"BAULKHAM HILLS, NSW, Australia",-33.7619106,150.99292549999998,Baulkham Hills NSW 2153,Baulkham Hills
SRPVWAO8,RAAFA (ARK) - SOLAR - WA,WA,6149.0,0.30000000000000004,Solar,2025-08-25,2026-01-27,RAAFA (ARK),"RAAFA (ARK), WA, Australia",-32.0485854,115.855744,"2 Bull Creek Dr, Bull Creek WA 6149",RAAFA Alice Ross-King Care Centre
SRPXVCW2,CHARTER HALL-CL3030 DRYSTONE-SOLAR-VIC,VIC,3029.0,0.223,Solar,2025-11-26,2026-01-29,CHARTER HALL-CL3030 DRYSTONE,"CHARTER HALL-CL3030 DRYSTONE, VIC, Australia",-37.8101014,144.9685912,"Level 23/130 Lonsdale St, Melbourne VIC 3000",Charter Hall
SRPYNSI1,LEPPINGTON BP 3 & BESS - SOLAR W SGU - NSW,NSW,2179.0,0.783,Solar,2025-10-03,2026-01-29,LEPPINGTON BP 3 & BESS,"LEPPINGTON BP 3 & BESS, NSW, Australia",-33.970587,150.8129851,"1389 Camden Valley Wy, Leppington NSW 2179",bp Truckstop
SRPXSA17,WOOLWORTHS CFC ADELAIDE 8849 - SOLAR - SA,SA,5035.0,0.33,Solar,2025-12-10,2026-01-29,WOOLWORTHS CFC ADELAIDE 8849,"WOOLWORTHS CFC ADELAIDE 8849, SA, Australia",-34.9390946,138.5785229,"213 Railway Terrace, Keswick Terminal SA 5035",Woolworths Adelaide Central Cfc
SRPXSA21,YUMBAH AQUACULTURE LTD - SOLAR - SA,SA,5223.0,0.752,Solar,2026-01-16,2026-01-29,YUMBAH AQUACULTURE LTD,"YUMBAH AQUACULTURE LTD, SA, Australia",-34.9253865,138.62307479999998,"Suite 2/Level 2/69 Fullarton Rd, Kent Town SA 5067",Yumbah Aquaculture
SRPVAC42,40 CAMERON AVE - SOLAR - ACT,ACT,2617.0,0.185,Solar,2025-12-12,2026-02-11,40 CAMERON AVE,"40 CAMERON AVE, ACT, Australia",-35.241522,149.0713528,"40 Cameron Ave, Belconnen ACT 2617",40 Cameron Ave
SRPXQLQ6,BC WESTCOURT - SOLAR - QLD,QLD,4870.0,0.2,Solar,2026-01-23,2026-02-11,BC WESTCOURT,"BC WESTCOURT, QLD, Australia",-16.9309794,145.7521418,Westcourt QLD 4870,Westcourt
SRPXQLJ9,BUNNINGS CARSELDINE - SOLAR - QLD,QLD,4036.0,0.38,Solar,2026-02-04,2026-02-11,BUNNINGS CARSELDINE,"BUNNINGS CARSELDINE, QLD, Australia",-27.3319684,153.0099247,"26 Linkfield Rd, Bald Hills QLD 4036",Bunnings Carseldine
SRPXVCW1,GOODMAN AU744 LAWRENCE & HANSON - SOLAR - VIC,VIC,3194.0,0.101,Solar,2025-11-20,2026-02-11,GOODMAN AU744 LAWRENCE & HANSON,"GOODMAN AU744 LAWRENCE & HANSON, VIC, Australia",-37.8291344,144.9474948,"252 Normanby Rd, South Melbourne VIC 3006",Lawrence & Hanson Southbank
SRPYNSJ0,PORSCHE CENTRE PARRAMATTA - SOLAR - NSW,NSW,2142.0,0.04,Solar,2025-11-04,2026-02-11,PORSCHE CENTRE PARRAMATTA,"PORSCHE CENTRE PARRAMATTA, NSW, Australia",-33.8256431,151.0039111,"326 Church St, Granville NSW 2142",Porsche Centre Parramatta
SRPVTA30,UA ALDERGATE VILLAGE - SOLAR - TAS,TAS,7248.0,0.47900000000000004,Solar,2026-01-16,2026-02-11,UA ALDERGATE VILLAGE,"UA ALDERGATE VILLAGE, TAS, Australia",-41.3793423,147.124652,"3 Tallentire Rd, Newnham TAS 7248","Uniting AgeWell Newnham Community, Aldersgate Village"
SRPXQLP5,BC PARKINSON - SOLAR W SGU - QLD,QLD,4115.0,0.166,Solar,2025-11-27,2026-02-19,BC PARKINSON,"BC PARKINSON, QLD, Australia",-27.6717143,153.1281509,"28-32 Timms St, Loganlea QLD 4131",Parkinson’s Queensland Inc.
SRPXQLQ4,BC SUNNYBANK HILLS - SOLAR - QLD,QLD,4109.0,0.049,Solar,2025-12-12,2026-02-19,BC SUNNYBANK HILLS,"BC SUNNYBANK HILLS, QLD, Australia",-27.5899637,153.0619139,"22 Farne St, Sunnybank Hills QLD 4109",Sunnybank Hills Retirement Community Sunnycove
SRPXQLM6,MARTIN BROWER NORTH BRISBANE - SOLAR -QLD,QLD,4008.0,0.526,Solar,2025-08-07,2026-02-19,MARTIN BROWER NORTH BRISBANE,"MARTIN BROWER NORTH BRISBANE, QLD, Australia",-27.4178438,153.1059646,"41 Boronia Rd, Brisbane Airport QLD 4008",Martin-Brower Australia - Brisbane North DC
SRPYNSI2,REAL JUICE - SOLAR WSGU - NSW,NSW,2680.0,0.49,Solar,2025-10-08,2026-02-19,REAL JUICE,"REAL JUICE, NSW, Australia",-34.2757568,146.0167085,"Cnr Harward Rd & Duchatel Rd, Griffith NSW 2680",Real Juice Company
SRPYNSK6,SHELLHARBOUR RETAIL CENTRE & BESS - SOLAR - NSW,NSW,2529.0,0.439,Solar,2026-02-06,2026-02-20,SHELLHARBOUR RETAIL CENTRE & BESS,"SHELLHARBOUR RETAIL CENTRE & BESS, NSW, Australia",-34.5631869,150.8393072,"211 Lake Entrance Rd, Shellharbour City Centre NSW 2529",Stockland Shellharbour Shopping Centre
SRPXQLP9,BC MURRUMBA DOWNS - SOLAR - QLD,QLD,4503.0,0.013000000000000001,Solar,2025-12-08,2026-02-24,BC MURRUMBA DOWNS,"BC MURRUMBA DOWNS, QLD, Australia",-27.267116,153.009033,Murrumba Downs QLD 4503,Murrumba Downs
SRPXVCW4,CLEANPEAK ENERGY - 8 ACACIA PLACE - SOLAR - VIC,VIC,3168.0,0.308,Solar,2025-12-19,2026-02-24,CLEANPEAK ENERGY - 8 ACACIA PLACE,"CLEANPEAK ENERGY - 8 ACACIA PLACE, VIC, Australia",-33.8363771,151.2077989,"21/201 Miller St, North Sydney NSW 2060",CleanPeak Energy
SRPYNSK5,GLEN INNES-SOLAR-NSW,NSW,2370.0,6.994,Solar,2025-12-24,2026-02-25,GLEN INNES,"GLEN INNES, NSW, Australia",-29.7413084,151.7374656,Glen Innes NSW 2370,Glen Innes
SRPYNSK7,"TWEED CITY SHOPPING CENTRE, TWEED HEADS SOUTH - SOLAR - NSW",NSW,2486.0,1.903,Solar,2026-01-19,2026-02-25,"TWEED CITY SHOPPING CENTRE, TWEED HEADS SOUTH","TWEED CITY SHOPPING CENTRE, TWEED HEADS SOUTH, NSW, Australia",-28.2006857,153.5455996,"54 Minjungbal Dr, Tweed Heads South NSW 2486",Tweed City Shopping Centre
SRPXQLQ0,BC BUNDABERG - SOLAR - QLD,QLD,4670.0,0.066,Solar,2025-12-08,2026-02-26,BC BUNDABERG,"BC BUNDABERG, QLD, Australia",-24.8671655,152.348513,"1/53 Woongarra St, Bundaberg Central QLD 4670",Precision Body Corporate Management
SRPYNSI0,LEPPINGTON BP 1 & BESS - SOLAR - NSW,NSW,2179.0,0.732,Solar,2025-10-03,2026-03-04,LEPPINGTON BP 1 & BESS,"LEPPINGTON BP 1 & BESS, NSW, Australia",-33.970587,150.8129851,"1389 Camden Valley Wy, Leppington NSW 2179",bp Truckstop
WD00WA29,SUMMERGOLD - WIND W SGU- WA,WA,6507.0,1.973,Wind,2026-02-01,2026-03-04,SUMMERGOLD,"SUMMERGOLD, WA, Australia",41.5372904,-87.4833594,"1868 W 45th St, Munster, IN 46321, USA",SUMMERGOLD Beauty + Wellness Club
SRPXQLQ5,SUNSHINE COAST AIRPORT - SOLAR - QLD,QLD,4564.0,0.19,Solar,2026-01-23,2026-03-04,SUNSHINE COAST AIRPORT,"SUNSHINE COAST AIRPORT, QLD, Australia",-26.6001076,153.08856409999999,"Friendship Ave, Marcoola QLD 4564",Sunshine Coast Airport
SRPXQLO9,BUNDABERG SOLAR FARM - SOLAR - QLD,QLD,4671.0,96.054,Solar,2026-01-15,2026-03-05,BUNDABERG SOLAR FARM,"BUNDABERG SOLAR FARM, QLD, Australia",-24.8725591,152.347315,"Shed 5/121 George St, Bundaberg Central QLD 4670",Bundaberg Solar
WD00VC52,GOLDEN PLAINS WIND FARM WEST - WIND - VIC,VIC,3352.0,576.6,Wind,2026-01-28,2026-03-05,GOLDEN PLAINS WIND FARM WEST,"GOLDEN PLAINS WIND FARM WEST, VIC, Australia",-37.9472059,143.7506694,"3Q32+WP, Rokewood VIC 3330",Golden Plains Wind Farm - East (Stage 1) Site Office
SRPXSA15,LAUCKE MILLS - SOLAR - SA,SA,5355.0,1.311,Solar,2025-10-16,2026-03-11,LAUCKE MILLS,"LAUCKE MILLS, SA, Australia",-34.4775164,138.8632462,"1519 Sturt Hwy, Daveyston SA 5360",Laucke Mills
SRPXQLP7,AU923 REDBANK WEEDMAN STREET - SOLAR W SGU - QLD,QLD,4301.0,0.375,Solar,2026-02-20,2026-03-16,AU923 REDBANK WEEDMAN STREET,"AU923 REDBANK WEEDMAN STREET, QLD, Australia",-27.5919498,152.880261,"Monash Rd, Redbank QLD 4301",Redbank Motorway Estate
SRPYNSD0,INGLEBURN LOGISTICS PARK WH1 & BESS - SOLAR - NSW,NSW,2565.0,0.73,Solar,2026-02-23,2026-03-16,INGLEBURN LOGISTICS PARK WH1 & BESS,"INGLEBURN LOGISTICS PARK WH1 & BESS, NSW, Australia",-34.0075768,150.8513047,"35 Stennett Rd, Ingleburn NSW 2565",Stockland Ingleburn Logistics Park
SRPXVCW3,ROMSEY COMMUNITY AGED CARE - SOLAR W SGU - VIC,VIC,3434.0,0.2,Solar,2026-03-11,2026-03-16,ROMSEY COMMUNITY AGED CARE,"ROMSEY COMMUNITY AGED CARE, VIC, Australia",-37.3394424,144.7390734,"40 Goodenia La, Romsey VIC 3434",Romsey Community Aged Care
SRPYNSK4,ALBION PARK - SOLAR W SGU - NSW,NSW,2527.0,0.222,Solar,2026-01-29,2026-03-20,ALBION PARK,"ALBION PARK, NSW, Australia",-34.5755371,150.7764301,Albion Park NSW 2527,Albion Park
SRPXQLN8,AUSTRALIAN STOCKMAN'S HALL OF FAME - SOLAR W SGU - QLD,QLD,4730.0,0.391,Solar,2026-02-11,2026-03-20,AUSTRALIAN STOCKMAN'S HALL OF FAME,"AUSTRALIAN STOCKMAN'S HALL OF FAME, QLD, Australia",-23.444297,144.274864,"Landsborough Hwy, Longreach QLD 4730",Australian Stockman's Hall of Fame & Outback Heritage Centre
SRPXQLN6,BROADSOUND SOLAR FARM PTY LTD-SOLAR-QLD,QLD,4705.0,377.435,Solar,2025-12-13,2026-03-20,BROADSOUND SOLAR FARM PTY LTD,"BROADSOUND SOLAR FARM PTY LTD, QLD, Australia",-22.8145664,149.3927768,"Marlborough Sarina Rd, Sarina QLD 4705",Broad Sound Solar Farm
SRPYNSK1,BUNNINGS FRENCHS FOREST - SOLAR - NSW,NSW,2086.0,0.481,Solar,2025-12-10,2026-03-20,BUNNINGS FRENCHS FOREST,"BUNNINGS FRENCHS FOREST, NSW, Australia",-33.7536722,151.2439888,"Corner of Warringah Road and, Allambie Rd, Frenchs Forest NSW 2086",Bunnings Frenchs Forest
SRPXQLQ7,HOMECO COOMERA CITY CENTRE - SOLAR W SGU - QLD,QLD,4209.0,0.45,Solar,2026-03-12,2026-03-20,HOMECO COOMERA CITY CENTRE,"HOMECO COOMERA CITY CENTRE, QLD, Australia",-27.8495154,153.301637,"1 Commercial St, Upper Coomera QLD 4209",HomeCo. Coomera City
SRPXSA18,CENTRAL PLAZA - SOLAR W SGU - SA,SA,5000.0,0.22,Solar,2025-12-12,2026-03-23,CENTRAL PLAZA,"CENTRAL PLAZA, SA, Australia",-34.9215717,138.6033621,"100 Rundle Mall, Adelaide SA 5000",Adelaide Central Plaza Shopping Centre
SRPXQLQ8,HOMECO MACKAY A - SOLAR - QLD,QLD,4740.0,0.35000000000000003,Solar,2026-03-12,2026-03-23,HOMECO MACKAY A,"HOMECO MACKAY A, QLD, Australia",-21.0987982,149.1586596,"Cnr Mackay-Bucasia and, Holts Rd, Mackay QLD 4740",HomeCo. Mackay
SRPXQLN4,WOOLWORTHS SARINA 2518 - SOLAR - QLD,QLD,4737.0,0.201,Solar,2026-03-11,2026-03-23,WOOLWORTHS SARINA 2518,"WOOLWORTHS SARINA 2518, QLD, Australia",-21.4242294,149.2188852,"20 Broad St, Sarina QLD 4737",Woolworths Sarina
SRPYNSJ4,AGRIGHT GRIFFITH CARRATHOOL - SOLAR - NSW,NSW,2711.0,0.47200000000000003,Solar,2025-11-11,2026-03-27,AGRIGHT GRIFFITH CARRATHOOL,"AGRIGHT GRIFFITH CARRATHOOL, NSW, Australia",-33.8363451,151.2077855,"Suite 201, 201 Miller st, North Sydney, NSW 2210 02 7201, North Sydney NSW 0776",Agright
SRPXQLQ9,HOMECO MACKAY B - SOLAR W SGU - QLD,QLD,4740.0,0.231,Solar,2026-03-23,2026-03-27,HOMECO MACKAY B,"HOMECO MACKAY B, QLD, Australia",-21.0987982,149.1586596,"Cnr Mackay-Bucasia and, Holts Rd, Mackay QLD 4740",HomeCo. Mackay
SRPYNSL3,WOOLWORTHS CALDERWOOD VILLAGE CENTRE 1051 - SOLAR - NSW,NSW,2527.0,0.242,Solar,2026-03-24,2026-03-31,WOOLWORTHS CALDERWOOD VILLAGE CENTRE 1051,"WOOLWORTHS CALDERWOOD VILLAGE CENTRE 1051, NSW, Australia",-34.5719791,150.7462195,"17 Connection Rd, Calderwood NSW 2527",Woolworths Calderwood Village
SRPYNSL1,WOOLWORTHS LISAROW 1574 - SOLAR W SGU - NSW,NSW,2250.0,0.269,Solar,2026-03-16,2026-03-31,WOOLWORTHS LISAROW 1574,"WOOLWORTHS LISAROW 1574, NSW, Australia",-33.3863678,151.3669281,"3 Parsons Rd, Lisarow NSW 2250",Woolworths Lisarow
